-- phpMyAdmin SQL Dump
-- version 5.2.0
-- https://www.phpmyadmin.net/
--
-- Хост: 127.0.0.1:3306
-- Время создания: Мар 21 2024 г., 13:01
-- Версия сервера: 8.0.30
-- Версия PHP: 7.2.34

SET SQL_MODE = "NO_AUTO_VALUE_ON_ZERO";
START TRANSACTION;
SET time_zone = "+00:00";


/*!40101 SET @OLD_CHARACTER_SET_CLIENT=@@CHARACTER_SET_CLIENT */;
/*!40101 SET @OLD_CHARACTER_SET_RESULTS=@@CHARACTER_SET_RESULTS */;
/*!40101 SET @OLD_COLLATION_CONNECTION=@@COLLATION_CONNECTION */;
/*!40101 SET NAMES utf8mb4 */;

--
-- База данных: `biome`
--

-- --------------------------------------------------------

--
-- Структура таблицы `admins`
--

CREATE TABLE `admins` (
  `id` int NOT NULL,
  `username` text NOT NULL,
  `password_hash` text NOT NULL,
  `rights_group_id` int NOT NULL
) ENGINE=InnoDB DEFAULT CHARSET=utf8mb4;

--
-- Дамп данных таблицы `admins`
--

INSERT INTO `admins` (`id`, `username`, `password_hash`, `rights_group_id`) VALUES
(1, 'root', 'd41d8cd98f00b204e9800998ecf8427e', 0),
(2, 'Liberty', '109889f941630d269546335f728f3558', 0),
(3, 'eliseevtd', '4297f44b13955235245b2497399d7a93', 0),
(4, 'cheshrst', '6ba972408907d98a70e7dbfee854f55e', 0),
(5, 'admin', '17b68621240db6e6db05b3bd9ddce8f7', 0),
(6, 'test', '81dc9bdb52d04dc20036dbd8313ed055', 0),
(7, 'eliseevkd', '827ccb0eea8a706c4c34a16891f84e7b', 0),
(8, 'Yana006', '109889f941630d269546335f728f3558', 0);

-- --------------------------------------------------------

--
-- Структура таблицы `apps`
--

CREATE TABLE `apps` (
  `id` int NOT NULL,
  `name` text NOT NULL,
  `description` text NOT NULL,
  `type` text NOT NULL,
  `image` text NOT NULL,
  `path` text NOT NULL
) ENGINE=InnoDB DEFAULT CHARSET=utf8mb4;

--
-- Дамп данных таблицы `apps`
--

INSERT INTO `apps` (`id`, `name`, `description`, `type`, `image`, `path`) VALUES
(1, 'тест', 'тестовое приложение', 'приложение', 'https://oir.mobi/uploads/posts/2021-05/1620868329_30-oir_mobi-p-milie-kapibari-zhivotnie-krasivo-foto-31.jpg', 'C:/Windows.exe');

-- --------------------------------------------------------

--
-- Структура таблицы `billing_profiles`
--

CREATE TABLE `billing_profiles` (
  `id` int NOT NULL,
  `sheme` json NOT NULL
) ENGINE=InnoDB DEFAULT CHARSET=utf8mb4;

--
-- Дамп данных таблицы `billing_profiles`
--

INSERT INTO `billing_profiles` (`id`, `sheme`) VALUES
(1, '{\"name\": \"default\", \"default\": [{\"price\": 140, \"currency_id\": 1}, {\"price\": 160, \"currency_id\": 2}], \"exсeptions\": [{\"profile\": [{\"price\": 160, \"currency_id\": 1}, {\"price\": 180, \"currency_id\": 2}], \"time_to\": \"23:59\", \"time_from\": \"19:00\", \"day_of_week\": 1}, {\"profile\": [{\"price\": 160, \"currency_id\": 1}, {\"price\": 180, \"currency_id\": 2}], \"time_to\": \"23:59\", \"time_from\": \"00:00\", \"day_of_week\": 5}]}');

-- --------------------------------------------------------

--
-- Структура таблицы `config`
--

CREATE TABLE `config` (
  `id` int NOT NULL,
  `name` text NOT NULL,
  `value` text NOT NULL
) ENGINE=InnoDB DEFAULT CHARSET=utf8mb4;

--
-- Дамп данных таблицы `config`
--

INSERT INTO `config` (`id`, `name`, `value`) VALUES
(1, 'billing_profile_id', '1'),
(2, 'default_usergroup', '1'),
(3, 'primary_currency_id', '1');

-- --------------------------------------------------------

--
-- Структура таблицы `currency`
--

CREATE TABLE `currency` (
  `id` int NOT NULL,
  `name` text NOT NULL,
  `symbol` text NOT NULL
) ENGINE=InnoDB DEFAULT CHARSET=utf8mb4;

--
-- Дамп данных таблицы `currency`
--

INSERT INTO `currency` (`id`, `name`, `symbol`) VALUES
(1, 'Рубли', '₽'),
(2, 'Баллы', 'p'),
(3, 'Доллар', '$'),
(4, 'Фунт', '£');

-- --------------------------------------------------------

--
-- Структура таблицы `hosts`
--

CREATE TABLE `hosts` (
  `id` int NOT NULL,
  `name` text NOT NULL,
  `identifier` text NOT NULL COMMENT 'Уникальный идентификатор ПК (по типу MAC-адреса)',
  `player_id` int NOT NULL,
  `status` text CHARACTER SET utf8mb4 NOT NULL COMMENT 'await - включен и свободен,\r\nplaying - играет,\r\nlocked - заблокирован ',
  `is_enabled` tinyint(1) NOT NULL DEFAULT '0'
) ENGINE=InnoDB DEFAULT CHARSET=utf8mb4;

--
-- Дамп данных таблицы `hosts`
--

INSERT INTO `hosts` (`id`, `name`, `identifier`, `player_id`, `status`, `is_enabled`) VALUES
(1, 'PC 01', '00:25:96:FF:FE:12:34:56', 1, 'playing', 0),
(2, 'PC 02', '0025:96FF:FE12:3456', 0, 'await', 0),
(3, 'PC-TEST', 'be:65:a5:3d:d5:2c', 0, 'await', 0),
(4, 'Nikita PC', '5C:BA:EF:A6:9C:B5', 0, 'await', 0);

-- --------------------------------------------------------

--
-- Структура таблицы `inventory_objects`
--

CREATE TABLE `inventory_objects` (
  `id` int NOT NULL,
  `name` text NOT NULL,
  `description` text NOT NULL,
  `type` text NOT NULL COMMENT 'time или another',
  `rarity` text NOT NULL COMMENT '	common - обычная rare - редкая, mythical - мифическая, Legendary - легендарная',
  `image` text NOT NULL
) ENGINE=InnoDB DEFAULT CHARSET=utf8mb4;

-- --------------------------------------------------------

--
-- Структура таблицы `orders`
--

CREATE TABLE `orders` (
  `id` int NOT NULL,
  `user_id` int NOT NULL,
  `product_id` int NOT NULL,
  `transaction_id` int NOT NULL,
  `date` datetime NOT NULL
) ENGINE=InnoDB DEFAULT CHARSET=utf8mb4;

--
-- Дамп данных таблицы `orders`
--

INSERT INTO `orders` (`id`, `user_id`, `product_id`, `transaction_id`, `date`) VALUES
(1, 1, 1, 16, '2023-10-26 18:48:40'),
(2, 1, 1, 17, '2023-10-29 22:56:30'),
(3, 1, 1, 17, '2023-10-29 22:56:47');

-- --------------------------------------------------------

--
-- Структура таблицы `products`
--

CREATE TABLE `products` (
  `id` int NOT NULL,
  `name` text NOT NULL,
  `priority_level` int NOT NULL,
  `included_time` int NOT NULL COMMENT 'Дает времени в секундах',
  `lifetime` int NOT NULL COMMENT 'время жизни в секундах',
  `available_options` json NOT NULL COMMENT 'Настройки доступности в json',
  `coast_sheme` json DEFAULT NULL
) ENGINE=InnoDB DEFAULT CHARSET=utf8mb4;

--
-- Дамп данных таблицы `products`
--

INSERT INTO `products` (`id`, `name`, `priority_level`, `included_time`, `lifetime`, `available_options`, `coast_sheme`) VALUES
(1, '3 hours', 1, 10800, 10800, '{\"Client\": {\"available\": true, \"exceptions\": [{\"day\": \"1\", \"time_to\": \"23:59\", \"time_from\": \"22:00\"}, {\"day\": \"2\", \"time_to\": \"23:59\", \"time_from\": \"22:00\"}]}, \"Mobile\": {\"available\": true, \"exceptions\": [{\"day\": \"3\", \"time_to\": \"23:59\", \"time_from\": \"22:00\"}]}, \"Workspace\": {\"available\": false, \"exceptions\": []}}', '{\"profile\": [{\"price\": 370, \"currency_id\": 1}, {\"price\": 370, \"currency_id\": 2}]}'),
(3, '5 hours', 1, 18000, 18000, '{\"Client\": {\"available\": true, \"exceptions\": [{\"day\": \"1\", \"time_to\": \"23:59\", \"time_from\": \"22:00\"}, {\"day\": \"2\", \"time_to\": \"23:59\", \"time_from\": \"22:00\"}]}, \"Mobile\": {\"available\": true, \"exceptions\": [{\"day\": \"3\", \"time_to\": \"23:59\", \"time_from\": \"22:00\"}]}, \"Workspace\": {\"available\": false, \"exceptions\": []}}', '{\"profile\": [{\"price\": 550, \"currency_id\": 1}, {\"price\": 550, \"currency_id\": 2}]}');

-- --------------------------------------------------------

--
-- Структура таблицы `reservations`
--

CREATE TABLE `reservations` (
  `id` int NOT NULL,
  `date_from` datetime NOT NULL,
  `date_to` datetime NOT NULL,
  `user_id` int NOT NULL,
  `host_id` int NOT NULL
) ENGINE=InnoDB DEFAULT CHARSET=utf8mb4;

--
-- Дамп данных таблицы `reservations`
--

INSERT INTO `reservations` (`id`, `date_from`, `date_to`, `user_id`, `host_id`) VALUES
(1, '2023-05-07 17:06:52', '2022-05-07 18:06:52', 4, 3),
(2, '2023-07-01 18:43:03', '2023-07-01 19:43:03', 2, 1),
(4, '2023-07-01 20:53:03', '2023-07-01 21:53:03', 2, 1);

-- --------------------------------------------------------

--
-- Структура таблицы `rights_group`
--

CREATE TABLE `rights_group` (
  `id` int NOT NULL,
  `flags` json NOT NULL
) ENGINE=InnoDB DEFAULT CHARSET=utf8mb4;

-- --------------------------------------------------------

--
-- Структура таблицы `sessions`
--

CREATE TABLE `sessions` (
  `id` int NOT NULL,
  `user_id` int NOT NULL,
  `host_id` int NOT NULL,
  `duration` int NOT NULL COMMENT 'Длительность в секундах',
  `date_begin` datetime NOT NULL,
  `date_end` datetime DEFAULT NULL
) ENGINE=InnoDB DEFAULT CHARSET=utf8mb4;

--
-- Дамп данных таблицы `sessions`
--

INSERT INTO `sessions` (`id`, `user_id`, `host_id`, `duration`, `date_begin`, `date_end`) VALUES
(35, 4, 3, 0, '2023-05-17 20:52:57', '2023-05-17 21:15:26'),
(36, 4, 3, 0, '2023-05-17 20:53:14', '2023-05-17 21:15:26'),
(37, 4, 3, 0, '2023-05-17 20:58:13', '2023-05-17 21:15:26'),
(38, 4, 3, 0, '2023-05-17 21:12:31', '2023-05-17 21:15:26'),
(39, 4, 3, 0, '2023-05-17 21:13:34', '2023-05-17 21:15:26'),
(40, 4, 3, 0, '2023-05-17 21:15:23', '2023-05-17 21:15:26'),
(41, 4, 3, 0, '2023-05-17 21:16:33', '2023-05-17 21:16:37'),
(42, 4, 3, 0, '2023-05-17 21:18:28', '2023-05-17 21:18:38'),
(43, 4, 3, 0, '2023-05-17 21:20:21', '2023-05-17 21:20:26'),
(44, 4, 3, 0, '2023-05-17 21:21:41', '2023-05-17 21:21:45'),
(45, 4, 3, 0, '2023-05-17 21:27:39', '2023-05-17 21:37:47'),
(46, 4, 3, 0, '2023-05-17 21:28:17', '2023-05-17 21:37:47'),
(47, 4, 3, 0, '2023-05-17 21:28:41', '2023-05-17 21:37:47'),
(48, 4, 3, 0, '2023-05-17 21:29:27', '2023-05-17 21:37:47'),
(49, 4, 3, 0, '2023-05-17 21:30:17', '2023-05-17 21:37:47'),
(50, 4, 3, 0, '2023-05-17 21:34:02', '2023-05-17 21:37:47'),
(51, 4, 3, 0, '2023-05-17 21:36:22', '2023-05-17 21:37:47'),
(52, 4, 3, 0, '2023-05-17 21:37:32', '2023-05-17 21:37:47'),
(53, 4, 3, 0, '2023-05-17 21:41:25', '2023-05-17 21:55:27'),
(54, 4, 3, 0, '2023-05-17 21:42:18', '2023-05-17 21:55:27'),
(55, 4, 3, 0, '2023-05-17 21:42:50', '2023-05-17 21:55:27'),
(56, 4, 3, 0, '2023-05-17 21:43:19', '2023-05-17 21:55:27'),
(57, 4, 3, 0, '2023-05-17 21:45:15', '2023-05-17 21:55:27'),
(58, 4, 3, 0, '2023-05-17 21:50:34', '2023-05-17 21:55:27'),
(59, 4, 3, 0, '2023-05-17 21:53:31', '2023-05-17 21:55:27'),
(60, 4, 3, 0, '2023-05-17 21:55:19', '2023-05-17 21:55:27'),
(61, 4, 3, 0, '2023-05-17 21:57:43', '2023-05-17 21:57:49'),
(62, 4, 3, 0, '2023-05-17 21:59:34', '2023-05-17 21:59:34'),
(63, 4, 3, 0, '2023-05-17 22:14:38', '2023-05-17 23:18:37'),
(64, 4, 3, 0, '2023-05-17 22:15:57', '2023-05-17 23:18:37'),
(65, 4, 3, 0, '2023-05-17 22:18:37', '2023-05-17 23:18:37'),
(66, 4, 3, 0, '2023-05-17 22:25:16', '2023-05-17 23:18:37'),
(67, 4, 3, 0, '2023-05-17 22:25:58', '2023-05-17 23:18:37'),
(68, 4, 3, 0, '2023-05-17 22:27:49', '2023-05-17 23:18:37'),
(69, 4, 3, 0, '2023-05-17 22:48:47', '2023-05-17 23:18:37'),
(70, 4, 3, 0, '2023-05-17 22:50:23', '2023-05-17 23:18:37'),
(71, 4, 3, 0, '2023-05-17 22:51:55', '2023-05-17 23:18:37'),
(72, 4, 3, 0, '2023-05-17 22:52:49', '2023-05-17 23:18:37'),
(73, 4, 3, 0, '2023-05-17 22:53:32', '2023-05-17 23:18:37'),
(74, 4, 3, 0, '2023-05-17 22:54:05', '2023-05-17 23:18:37'),
(75, 4, 3, 0, '2023-05-17 22:55:17', '2023-05-17 23:18:37'),
(76, 4, 3, 0, '2023-05-17 23:16:08', '2023-05-17 23:18:37'),
(77, 4, 3, 0, '2023-05-17 23:16:35', '2023-05-17 23:18:37'),
(78, 4, 3, 0, '2023-05-17 23:17:04', '2023-05-17 23:18:37'),
(79, 4, 3, 0, '2023-05-17 23:18:11', '2023-05-17 23:18:37'),
(80, 4, 3, 0, '2023-05-17 23:18:33', '2023-05-17 23:18:37'),
(81, 4, 3, 0, '2023-05-17 23:19:22', '2023-05-17 23:19:26'),
(82, 4, 3, 0, '2023-05-17 23:23:26', '2023-05-17 23:23:30'),
(83, 4, 3, 0, '2023-05-17 23:24:23', '2023-05-17 23:24:23'),
(84, 4, 3, 0, '2023-05-17 23:24:43', '2023-05-17 23:24:43'),
(85, 4, 3, 0, '2023-05-17 23:32:46', '2023-05-17 23:32:52'),
(86, 4, 3, 0, '2023-05-17 23:33:30', '2023-05-17 23:34:13'),
(87, 4, 3, 0, '2023-05-17 23:35:41', '2023-05-17 23:35:52'),
(88, 4, 3, 0, '2023-05-17 23:36:29', '2023-05-17 23:36:37'),
(89, 4, 3, 0, '2023-05-17 23:37:19', '2023-05-17 23:37:28'),
(90, 4, 3, 0, '2023-05-17 23:38:08', '2023-05-17 23:38:23'),
(91, 4, 3, 0, '2023-05-17 23:38:31', '2023-05-17 23:40:54'),
(92, 4, 3, 0, '2023-05-17 23:41:06', '2023-05-17 23:42:15'),
(93, 4, 3, 0, '2023-05-17 23:42:28', '2023-05-17 23:43:22'),
(94, 4, 3, 0, '2023-05-17 23:43:14', '2023-05-17 23:43:22'),
(95, 4, 3, 0, '2023-05-17 23:50:02', '2023-05-17 23:50:15'),
(96, 4, 3, 0, '2023-05-17 23:50:42', '2023-05-17 23:51:07'),
(97, 4, 3, 0, '2023-05-17 23:51:18', '2023-05-17 23:51:25'),
(98, 4, 3, 0, '2023-05-17 23:52:53', '2023-05-17 23:52:59'),
(99, 4, 3, 0, '2023-05-17 23:53:17', '2023-05-17 23:53:31'),
(100, 4, 3, 0, '2023-05-18 00:00:26', '2023-05-18 00:00:32'),
(101, 4, 3, 0, '2023-05-18 00:09:30', '2023-05-18 00:09:35'),
(102, 4, 3, 0, '2023-05-18 00:10:20', '2023-05-18 00:11:08'),
(103, 4, 3, 0, '2023-05-18 00:10:59', '2023-05-18 00:11:08'),
(104, 4, 3, 0, '2023-05-18 00:11:51', '2023-05-18 00:11:57'),
(105, 4, 3, 0, '2023-05-18 00:12:16', '2023-05-18 00:12:26'),
(106, 4, 3, 0, '2023-05-18 00:13:55', '2023-05-18 00:15:06'),
(107, 4, 3, 0, '2023-05-18 00:14:25', '2023-05-18 00:15:06'),
(108, 4, 3, 0, '2023-05-18 00:14:58', '2023-05-18 00:15:06'),
(109, 4, 3, 0, '2023-05-18 00:15:33', '2023-05-18 00:20:30'),
(110, 4, 3, 0, '2023-05-18 00:16:30', '2023-05-18 00:20:30'),
(111, 4, 3, 0, '2023-05-18 00:17:23', '2023-05-18 00:20:30'),
(112, 4, 3, 0, '2023-05-18 00:17:49', '2023-05-18 00:20:30'),
(113, 4, 3, 0, '2023-05-18 00:18:22', '2023-05-18 00:20:30'),
(114, 4, 3, 0, '2023-05-18 00:20:20', '2023-05-18 00:20:30'),
(115, 4, 3, 0, '2023-05-18 00:22:18', '2023-05-18 00:23:44'),
(116, 4, 3, 0, '2023-05-18 00:23:04', '2023-05-18 00:23:44'),
(117, 4, 3, 0, '2023-05-18 00:23:36', '2023-05-18 00:23:44'),
(118, 4, 3, 0, '2023-05-18 00:24:02', '2023-05-18 00:24:44'),
(119, 4, 3, 0, '2023-05-18 19:38:44', '2023-05-18 19:53:34'),
(120, 4, 3, 0, '2023-05-18 19:41:32', '2023-05-18 19:53:34'),
(121, 4, 3, 0, '2023-05-18 19:48:33', '2023-05-18 19:53:34'),
(122, 4, 3, 0, '2023-05-18 19:48:56', '2023-05-18 19:53:34'),
(123, 4, 3, 0, '2023-05-18 19:50:13', '2023-05-18 19:53:34'),
(124, 4, 3, 0, '2023-05-18 19:52:26', '2023-05-18 19:53:34'),
(125, 4, 3, 0, '2023-05-18 19:52:46', '2023-05-18 19:53:34'),
(126, 4, 3, 0, '2023-05-18 19:55:39', '2023-05-18 19:56:34'),
(127, 4, 3, 0, '2023-05-18 19:56:26', '2023-05-18 19:56:34'),
(128, 4, 3, 0, '2023-05-18 19:56:47', '2023-05-18 19:56:53'),
(129, 4, 3, 0, '2023-05-18 20:00:20', '2023-05-18 20:00:26'),
(130, 4, 3, 0, '2023-05-18 20:01:33', '2023-05-18 20:01:39'),
(131, 4, 3, 0, '2023-05-18 20:01:57', '2023-05-18 20:02:01'),
(132, 4, 3, 0, '2023-05-18 20:02:54', '2023-05-18 20:03:15'),
(133, 4, 3, 0, '2023-05-18 20:03:08', '2023-05-18 20:03:15'),
(134, 4, 3, 0, '2023-05-18 20:04:41', '2023-05-18 20:05:04'),
(135, 4, 3, 0, '2023-05-18 20:04:57', '2023-05-18 20:05:04'),
(136, 4, 3, 0, '2023-05-18 20:05:50', '2023-05-18 20:06:32'),
(137, 4, 3, 0, '2023-05-18 20:06:12', '2023-05-18 20:06:32'),
(138, 4, 3, 0, '2023-05-18 20:06:12', '2023-05-18 20:06:32'),
(139, 4, 3, 0, '2023-05-18 20:06:13', '2023-05-18 20:06:32'),
(140, 4, 3, 0, '2023-05-18 20:06:27', '2023-05-18 20:06:32'),
(141, 4, 3, 0, '2023-05-18 20:06:46', '2023-05-18 20:06:52'),
(142, 4, 3, 0, '2023-05-18 20:07:16', '2023-05-18 20:09:21'),
(143, 4, 3, 0, '2023-05-18 20:07:46', '2023-05-18 20:09:21'),
(144, 4, 3, 0, '2023-05-18 20:09:03', '2023-05-18 20:09:21'),
(145, 4, 3, 0, '2023-05-18 20:09:57', '2023-05-18 20:10:02'),
(146, 4, 3, 0, '2023-05-18 20:10:13', '2023-05-18 20:11:31'),
(147, 4, 3, 0, '2023-05-18 20:11:25', '2023-05-18 20:11:31'),
(148, 4, 3, 0, '2023-05-18 20:12:53', '2023-05-18 20:12:58'),
(149, 4, 3, 0, '2023-05-18 20:15:05', '2023-05-18 20:16:56'),
(150, 4, 3, 0, '2023-05-18 20:15:51', '2023-05-18 20:16:56'),
(151, 4, 3, 0, '2023-05-18 20:16:20', '2023-05-18 20:16:56'),
(152, 4, 3, 0, '2023-05-18 20:17:46', '2023-05-18 20:18:59'),
(153, 4, 3, 0, '2023-05-18 20:18:46', '2023-05-18 20:18:59'),
(154, 4, 3, 0, '2023-05-18 20:19:38', '2023-05-18 20:19:57'),
(155, 4, 3, 0, '2023-05-18 20:20:19', '2023-05-18 20:20:26'),
(156, 4, 3, 0, '2023-05-18 20:21:59', '2023-05-18 20:22:04'),
(157, 4, 3, 0, '2023-05-18 20:29:24', '2023-05-18 20:32:16'),
(158, 4, 3, 0, '2023-05-18 20:30:12', '2023-05-18 20:32:16'),
(159, 4, 3, 0, '2023-05-18 20:30:12', '2023-05-18 20:32:16'),
(160, 4, 3, 0, '2023-05-18 20:30:13', '2023-05-18 20:32:16'),
(161, 4, 3, 0, '2023-05-18 20:30:13', '2023-05-18 20:32:16'),
(162, 4, 3, 0, '2023-05-18 20:31:45', '2023-05-18 20:32:16'),
(163, 4, 3, 0, '2023-05-18 20:31:46', '2023-05-18 20:32:16'),
(164, 4, 3, 0, '2023-05-18 20:31:46', '2023-05-18 20:32:16'),
(165, 4, 3, 0, '2023-05-18 20:32:12', '2023-05-18 20:32:16'),
(166, 4, 3, 0, '2023-05-18 20:32:57', '2023-05-18 20:33:05'),
(167, 4, 3, 0, '2023-05-18 20:36:13', '2023-05-18 20:36:30'),
(168, 4, 3, 0, '2023-05-18 20:36:14', '2023-05-18 20:36:30'),
(169, 4, 3, 0, '2023-05-18 20:36:15', '2023-05-18 20:36:30'),
(170, 4, 3, 0, '2023-05-18 20:36:41', '2023-05-18 20:36:57'),
(171, 4, 3, 0, '2023-05-18 20:37:49', '2023-05-18 20:47:57'),
(172, 4, 3, 0, '2023-05-18 20:43:23', '2023-05-18 20:47:57'),
(173, 4, 3, 0, '2023-05-18 20:47:52', '2023-05-18 20:47:57'),
(174, 4, 3, 0, '2023-05-18 20:48:09', '2023-05-18 20:48:14'),
(175, 4, 3, 0, '2023-05-18 20:48:54', '2023-05-18 20:56:00'),
(176, 4, 3, 0, '2023-05-18 20:49:23', '2023-05-18 20:56:00'),
(177, 4, 3, 0, '2023-05-18 20:49:59', '2023-05-18 20:56:00'),
(178, 4, 3, 0, '2023-05-18 20:50:24', '2023-05-18 20:56:00'),
(179, 4, 3, 0, '2023-05-18 20:51:06', '2023-05-18 20:56:00'),
(180, 4, 3, 0, '2023-05-18 20:51:26', '2023-05-18 20:56:00'),
(181, 4, 3, 0, '2023-05-18 20:51:45', '2023-05-18 20:56:00'),
(182, 4, 3, 0, '2023-05-18 20:52:14', '2023-05-18 20:56:00'),
(183, 4, 3, 0, '2023-05-18 20:52:56', '2023-05-18 20:56:00'),
(184, 4, 3, 0, '2023-05-18 20:53:34', '2023-05-18 20:56:00'),
(185, 4, 3, 0, '2023-05-18 20:54:19', '2023-05-18 20:56:00'),
(186, 4, 3, 0, '2023-05-18 20:54:33', '2023-05-18 20:56:00'),
(187, 4, 3, 0, '2023-05-18 20:55:07', '2023-05-18 20:56:00'),
(188, 4, 3, 0, '2023-05-18 20:55:54', '2023-05-18 20:56:00'),
(189, 4, 3, 0, '2023-05-20 04:22:59', '2023-05-20 04:23:12'),
(190, 4, 3, 0, '2023-05-20 04:24:09', '2023-05-20 04:24:44'),
(191, 4, 3, 0, '2023-05-20 04:29:59', '2023-05-20 04:31:47'),
(192, 4, 3, 0, '2023-05-20 04:31:17', '2023-05-20 04:31:47'),
(193, 4, 3, 0, '2023-05-20 04:35:44', '2023-05-20 04:37:04'),
(194, 4, 3, 0, '2023-05-20 04:37:46', '2023-05-19 20:33:04'),
(195, 4, 3, 0, '2023-05-20 04:38:15', '2023-05-19 20:33:04'),
(196, 4, 3, 0, '2023-05-19 20:32:30', '2023-05-19 20:33:04'),
(197, 4, 3, 0, '2023-05-19 20:33:14', '2023-05-19 20:34:09'),
(198, 4, 3, 0, '2023-05-19 20:40:13', '2023-05-19 20:41:26'),
(199, 4, 3, 0, '2023-05-19 20:41:12', '2023-05-19 20:41:26'),
(200, 4, 3, 0, '2023-05-19 20:42:08', '2023-05-19 20:42:42'),
(201, 4, 3, 0, '2023-05-19 20:44:15', '2023-05-19 20:44:29'),
(202, 4, 3, 0, '2023-06-05 17:56:45', '2023-06-05 18:04:42'),
(203, 4, 3, 0, '2023-06-05 18:01:43', '2023-06-05 18:04:42'),
(204, 4, 3, 0, '2023-06-05 18:03:16', '2023-06-05 18:04:42'),
(205, 4, 3, 0, '2023-06-05 18:04:38', '2023-06-05 18:04:42'),
(206, 4, 3, 0, '2023-06-05 18:05:23', '2023-06-05 18:05:47'),
(207, 4, 3, 0, '2023-06-05 18:13:37', '2023-06-05 18:21:42'),
(208, 4, 3, 0, '2023-06-05 18:16:53', '2023-06-05 18:21:42'),
(209, 4, 3, 0, '2023-06-05 18:18:36', '2023-06-05 18:21:42'),
(210, 4, 3, 0, '2023-06-05 18:19:02', '2023-06-05 18:21:42'),
(211, 4, 3, 0, '2023-06-05 18:19:44', '2023-06-05 18:21:42'),
(212, 4, 3, 0, '2023-06-05 18:20:09', '2023-06-05 18:21:42'),
(213, 4, 3, 0, '2023-06-05 18:20:50', '2023-06-05 18:21:42'),
(214, 4, 3, 0, '2023-06-05 18:21:23', '2023-06-05 18:21:42'),
(215, 4, 3, 0, '2023-06-05 18:22:39', '2023-06-05 18:24:51'),
(216, 4, 3, 0, '2023-06-05 18:50:20', '2023-06-05 18:55:57'),
(217, 4, 3, 0, '2023-06-05 18:54:55', '2023-06-05 18:55:57'),
(218, 4, 3, 0, '2023-06-05 18:55:35', '2023-06-05 18:55:57'),
(219, 4, 3, 0, '2023-06-05 18:56:39', '2023-06-05 19:00:34'),
(220, 4, 3, 0, '2023-06-05 18:57:10', '2023-06-05 19:00:34'),
(221, 4, 3, 0, '2023-06-05 18:57:30', '2023-06-05 19:00:34'),
(222, 4, 3, 0, '2023-06-05 18:57:48', '2023-06-05 19:00:34'),
(223, 4, 3, 0, '2023-06-05 18:58:33', '2023-06-05 19:00:34'),
(224, 4, 3, 0, '2023-06-05 18:58:49', '2023-06-05 19:00:34'),
(225, 4, 3, 0, '2023-06-05 18:59:36', '2023-06-05 19:00:34'),
(226, 4, 3, 0, '2023-06-05 19:00:23', '2023-06-05 19:00:34'),
(227, 4, 3, 0, '2023-06-05 19:00:58', '2023-06-05 19:01:03'),
(228, 4, 3, 0, '2023-06-05 19:02:21', '2023-06-05 19:15:48'),
(229, 4, 3, 0, '2023-06-05 19:09:47', '2023-06-05 19:15:48'),
(230, 4, 3, 0, '2023-06-05 19:10:16', '2023-06-05 19:15:48'),
(231, 4, 3, 0, '2023-06-05 19:10:33', '2023-06-05 19:15:48'),
(232, 4, 3, 0, '2023-06-05 19:11:16', '2023-06-05 19:15:48'),
(233, 4, 3, 0, '2023-06-05 19:12:13', '2023-06-05 19:15:48'),
(234, 4, 3, 0, '2023-06-05 19:12:32', '2023-06-05 19:15:48'),
(235, 4, 3, 0, '2023-06-05 19:13:02', '2023-06-05 19:15:48'),
(236, 4, 3, 0, '2023-06-05 19:13:22', '2023-06-05 19:15:48'),
(237, 4, 3, 0, '2023-06-05 19:13:36', '2023-06-05 19:15:48'),
(238, 4, 3, 0, '2023-06-05 19:15:33', '2023-06-05 19:15:48'),
(239, 4, 3, 0, '2023-06-05 19:17:38', '2023-06-05 19:17:44'),
(240, 4, 3, 0, '2023-06-05 19:18:31', '2023-06-05 19:18:34'),
(241, 4, 3, 0, '2023-06-05 19:19:35', '2023-06-05 19:19:39'),
(242, 4, 3, 0, '2023-06-05 19:20:09', '2023-06-05 19:20:12'),
(243, 4, 3, 0, '2023-06-05 19:22:22', '2023-06-05 19:22:36'),
(244, 4, 3, 0, '2023-06-05 19:23:34', '2023-06-05 19:23:38'),
(245, 4, 3, 0, '2023-06-05 19:24:05', '2023-06-05 19:24:08'),
(246, 4, 3, 0, '2023-06-05 19:24:24', '2023-06-05 19:24:33'),
(247, 4, 3, 0, '2023-06-25 16:15:03', '2023-06-25 16:26:03'),
(248, 4, 3, 0, '2023-06-25 16:19:22', '2023-06-25 16:26:03'),
(249, 4, 3, 0, '2023-06-25 16:21:39', '2023-06-25 16:26:03'),
(250, 4, 3, 0, '2023-06-25 16:24:53', '2023-06-25 16:26:03'),
(251, 4, 3, 0, '2023-06-25 16:26:00', '2023-06-25 16:26:03'),
(252, 4, 3, 0, '2023-06-25 16:49:17', '2023-06-25 16:53:13'),
(253, 4, 3, 0, '2023-06-25 16:53:03', '2023-06-25 16:53:13'),
(254, 4, 3, 0, '2023-06-25 16:55:21', '2023-06-25 16:57:15'),
(255, 4, 3, 0, '2023-06-25 17:20:28', '2023-06-25 17:30:50'),
(256, 4, 3, 0, '2023-07-16 14:31:24', '2023-07-16 14:34:36'),
(257, 4, 3, 0, '2023-07-16 14:45:34', '2023-07-16 14:45:47'),
(258, 4, 3, 0, '2023-07-16 14:50:12', '2023-07-16 14:50:21'),
(259, 4, 3, 0, '2023-07-16 14:50:29', '2023-07-16 14:50:41'),
(260, 4, 3, 0, '2023-07-16 14:51:01', '2023-07-16 14:51:04'),
(261, 4, 3, 0, '2023-07-16 14:51:11', '2023-07-16 14:51:14'),
(262, 4, 3, 0, '2023-07-16 14:58:13', '2023-07-16 14:58:17'),
(263, 4, 3, 0, '2023-07-16 14:58:55', '2023-07-16 14:58:58'),
(264, 4, 3, 0, '2023-07-30 14:28:17', '2023-08-24 15:23:32'),
(265, 4, 3, 0, '2023-08-26 16:23:26', '2023-08-26 19:37:46'),
(266, 4, 3, 0, '2023-08-26 19:38:09', '2023-08-26 19:38:18'),
(267, 4, 3, 0, '2023-08-26 19:39:34', '2023-08-26 19:40:40'),
(268, 4, 3, 0, '2023-08-26 19:40:45', '2023-08-26 19:41:14'),
(269, 4, 3, 0, '2023-08-26 19:55:39', '2023-08-26 20:00:08'),
(270, 4, 3, 0, '2023-08-26 20:55:34', '2023-08-26 20:56:02'),
(271, 4, 3, 0, '2023-08-31 15:16:30', '2023-08-31 15:32:49'),
(272, 4, 3, 0, '2023-08-31 15:35:11', '2023-09-05 21:53:10'),
(273, 4, 3, 0, '2023-09-05 21:58:01', '2023-09-05 22:34:44'),
(274, 4, 3, 0, '2023-09-05 22:34:50', '2023-09-05 22:39:50'),
(275, 4, 3, 0, '2023-09-05 22:47:28', '2023-09-05 22:52:42'),
(276, 4, 3, 0, '2023-09-05 22:52:48', '2023-09-05 23:20:45'),
(277, 1, 1, 0, '2023-09-05 23:13:49', '2023-09-05 23:20:43'),
(278, 17, 2, 0, '2023-09-25 17:29:05', NULL),
(279, 17, 2, 0, '2023-09-25 17:29:13', NULL),
(280, 17, 2, 0, '2023-09-25 17:29:20', NULL),
(281, 17, 2, 0, '2023-09-25 17:29:25', NULL),
(282, 17, 2, 0, '2023-09-25 17:29:29', NULL),
(283, 17, 2, 0, '2023-09-25 17:29:44', NULL),
(284, 1, 1, 0, '2023-09-27 20:05:17', NULL),
(285, 1, 1, 0, '2023-09-27 20:05:19', NULL),
(286, 1, 1, 0, '2023-09-27 20:17:58', NULL),
(287, 1, 1, 0, '2023-09-27 20:18:00', NULL),
(288, 1, 1, 0, '2023-09-27 20:18:04', NULL);

-- --------------------------------------------------------

--
-- Структура таблицы `transactions`
--

CREATE TABLE `transactions` (
  `id` int NOT NULL,
  `user_id` int NOT NULL,
  `summ` float NOT NULL,
  `currency_id` int NOT NULL,
  `created_by_id` int NOT NULL,
  `date` datetime NOT NULL,
  `type` text CHARACTER SET utf8mb4 NOT NULL COMMENT 'deposit, payment или set'
) ENGINE=InnoDB DEFAULT CHARSET=utf8mb4;

--
-- Дамп данных таблицы `transactions`
--

INSERT INTO `transactions` (`id`, `user_id`, `summ`, `currency_id`, `created_by_id`, `date`, `type`) VALUES
(1, 3, 20, 1, 1, '2023-03-28 03:06:52', 'deposit'),
(2, 3, 20, 1, 1, '2023-03-28 03:07:20', 'payment'),
(3, 3, 20, 1, 1, '2023-03-28 03:07:37', 'set'),
(4, 3, 20, 1, 1, '2023-03-28 03:07:54', 'payment'),
(5, 4, 100, 1, 1, '2023-04-04 22:11:02', 'deposit'),
(6, 4, 100, 1, 1, '2023-04-04 22:11:23', 'set'),
(7, 4, 100, 1, 1, '2023-04-04 22:11:37', 'set'),
(8, 4, 1030, 1, 1, '2023-04-04 22:11:48', 'set'),
(9, 4, 1030, 1, 1, '2023-04-04 22:11:56', 'deposit'),
(10, 4, 100, 1, 1, '2023-04-04 22:12:17', 'set'),
(11, 1, 10, 2, 2, '2023-07-16 16:23:04', 'deposit'),
(12, 1, 370, 1, 2, '2023-10-26 18:32:04', 'payment'),
(13, 1, 370, 1, 2, '2023-10-26 18:38:29', 'payment'),
(14, 1, 370, 1, 2, '2023-10-26 18:45:25', 'payment'),
(15, 1, 370, 1, 2, '2023-10-26 18:47:28', 'payment'),
(16, 1, 370, 1, 2, '2023-10-26 18:48:40', 'payment'),
(17, 1, 370, 1, 2, '2023-10-29 22:56:30', 'payment'),
(18, 1, 370, 1, 2, '2023-10-29 22:56:47', 'payment');

-- --------------------------------------------------------

--
-- Структура таблицы `usergroups`
--

CREATE TABLE `usergroups` (
  `id` int NOT NULL,
  `name` text NOT NULL,
  `billing_profile_id` int NOT NULL
) ENGINE=InnoDB DEFAULT CHARSET=utf8mb4;

--
-- Дамп данных таблицы `usergroups`
--

INSERT INTO `usergroups` (`id`, `name`, `billing_profile_id`) VALUES
(1, 'Default', 1);

-- --------------------------------------------------------

--
-- Структура таблицы `users`
--

CREATE TABLE `users` (
  `user_id` int NOT NULL,
  `username` text NOT NULL,
  `password_hash` text NOT NULL,
  `name` text NOT NULL,
  `surname` text NOT NULL,
  `usergroup_id` int NOT NULL,
  `avatar_id` int NOT NULL,
  `email` text NOT NULL,
  `phone` text NOT NULL,
  `country` text NOT NULL,
  `city` text CHARACTER SET utf8mb4 NOT NULL,
  `address` text CHARACTER SET utf8mb4 NOT NULL,
  `calculation_method` int NOT NULL DEFAULT '1' COMMENT 'id валюты при рассчете с баланса'
) ENGINE=InnoDB DEFAULT CHARSET=utf8mb4;

--
-- Дамп данных таблицы `users`
--

INSERT INTO `users` (`user_id`, `username`, `password_hash`, `name`, `surname`, `usergroup_id`, `avatar_id`, `email`, `phone`, `country`, `city`, `address`, `calculation_method`) VALUES
(1, 'Liberty', '109889f941630d269546335f728f3558', 'Никита', '', 1, 0, 'uoker000@gmail.com', '+79773746082', 'Russia', 'Moscow', '', 2),
(2, 'Xist3ns', '109889f941630d269546335f728f3558', 'Никита', '', 1, 0, 'uoker001@gmail.com', '+79773746081', 'Russia', 'Moscow', '', 1),
(3, 'root', 'd41d8cd98f00b204e9800998ecf8427e', '', '', 1, 0, '', '+79773746080', '', '', '', 1),
(4, 'cheshrst', '6ba972408907d98a70e7dbfee854f55e', '', '', 1, 0, '', '+79996739788', '', '', '', 1),
(17, 'user', 'password', 'name', 'surname', 1, 0, 'email@email.ru', '+79996739788', 'country', 'city', 'address', 1),
(19, 'Retr0', '109889f941630d269546335f728f3558', 'Никита', 'Админ', 1, 0, 'email@mail.ru', '89773746089', 'Россия', 'Москва', 'Перовская 56/55', 1),
(20, 'player123', '4297f44b13955235245b2497399d7a93', 'Проверка', 'Создания', 1, 0, 'mailertest@mail.ru', '89773746082', 'Russia', 'Moscow', '1-й проезд д.1', 1),
(21, 'player1234', '4297f44b13955235245b2497399d7a93', 'Проверка2', 'Создания2', 1, 0, 'mailertest@mail.ru', '89773746086', 'Russia', 'Saint Petersburg', '2-й проезд д.2', 1);

-- --------------------------------------------------------

--
-- Структура таблицы `users_inventory`
--

CREATE TABLE `users_inventory` (
  `id` int NOT NULL,
  `user_id` int NOT NULL,
  `object_id` int NOT NULL,
  `count` int NOT NULL
) ENGINE=InnoDB DEFAULT CHARSET=utf8mb4;

-- --------------------------------------------------------

--
-- Структура таблицы `user_balance`
--

CREATE TABLE `user_balance` (
  `id` int NOT NULL,
  `user_id` int NOT NULL,
  `currency_id` int NOT NULL,
  `balance` float NOT NULL
) ENGINE=InnoDB DEFAULT CHARSET=utf8mb4;

--
-- Дамп данных таблицы `user_balance`
--

INSERT INTO `user_balance` (`id`, `user_id`, `currency_id`, `balance`) VALUES
(1, 3, 1, 0),
(2, 2, 1, 0),
(3, 1, 1, 20780),
(4, 4, 1, 900),
(5, 1, 2, 100),
(6, 4, 2, 94),
(11, 17, 1, -11),
(12, 17, 2, 0),
(15, 1, 3, 0),
(16, 1, 4, 0),
(17, 2, 2, 0),
(18, 2, 3, 0),
(19, 2, 4, 0),
(20, 19, 1, 0),
(21, 19, 2, 0),
(22, 19, 3, 0),
(23, 19, 4, 0),
(24, 20, 1, 0),
(25, 21, 1, 0);

-- --------------------------------------------------------

--
-- Структура таблицы `user_products`
--

CREATE TABLE `user_products` (
  `id` int NOT NULL,
  `user_id` int NOT NULL,
  `product_id` int NOT NULL,
  `played_time` int NOT NULL DEFAULT '0',
  `status` text CHARACTER SET utf8mb4 NOT NULL COMMENT 'await - пакет добавлен на аккаунт, но не использован\r\nactive - пакет используется, еще есть время\r\ndeleted - пакет удален с аккаунта\r\nexpired- пакет устарел и больше не может быть использован\r\n',
  `purchase_date` datetime NOT NULL DEFAULT CURRENT_TIMESTAMP,
  `activation_date` datetime NOT NULL
) ENGINE=InnoDB DEFAULT CHARSET=utf8mb4;

--
-- Дамп данных таблицы `user_products`
--

INSERT INTO `user_products` (`id`, `user_id`, `product_id`, `played_time`, `status`, `purchase_date`, `activation_date`) VALUES
(1, 4, 1, 9600, 'expired', '2023-08-24 15:43:32', '0000-00-00 00:00:00'),
(2, 4, 1, 10, 'expired', '2023-08-24 15:43:32', '0000-00-00 00:00:00'),
(16, 4, 1, 0, 'await', '2023-09-05 21:45:09', '0000-00-00 00:00:00'),
(17, 4, 1, 0, 'await', '2023-09-05 21:45:26', '0000-00-00 00:00:00'),
(18, 4, 1, 0, 'await', '2023-09-05 21:45:37', '0000-00-00 00:00:00'),
(19, 4, 1, 0, 'await', '2023-09-05 22:59:09', '0000-00-00 00:00:00'),
(20, 1, 1, 810, 'expired', '2023-10-24 18:15:52', '0000-00-00 00:00:00'),
(21, 1, 1, 0, 'await', '2023-10-26 18:48:40', '0000-00-00 00:00:00'),
(22, 1, 1, 0, 'await', '2023-10-29 22:56:30', '0000-00-00 00:00:00'),
(23, 1, 1, 0, 'await', '2023-10-29 22:56:47', '0000-00-00 00:00:00');

--
-- Индексы сохранённых таблиц
--

--
-- Индексы таблицы `admins`
--
ALTER TABLE `admins`
  ADD PRIMARY KEY (`id`);

--
-- Индексы таблицы `apps`
--
ALTER TABLE `apps`
  ADD PRIMARY KEY (`id`);

--
-- Индексы таблицы `billing_profiles`
--
ALTER TABLE `billing_profiles`
  ADD PRIMARY KEY (`id`);

--
-- Индексы таблицы `config`
--
ALTER TABLE `config`
  ADD PRIMARY KEY (`id`);

--
-- Индексы таблицы `currency`
--
ALTER TABLE `currency`
  ADD PRIMARY KEY (`id`);

--
-- Индексы таблицы `hosts`
--
ALTER TABLE `hosts`
  ADD PRIMARY KEY (`id`);

--
-- Индексы таблицы `inventory_objects`
--
ALTER TABLE `inventory_objects`
  ADD PRIMARY KEY (`id`);

--
-- Индексы таблицы `orders`
--
ALTER TABLE `orders`
  ADD PRIMARY KEY (`id`);

--
-- Индексы таблицы `products`
--
ALTER TABLE `products`
  ADD PRIMARY KEY (`id`);

--
-- Индексы таблицы `reservations`
--
ALTER TABLE `reservations`
  ADD PRIMARY KEY (`id`);

--
-- Индексы таблицы `rights_group`
--
ALTER TABLE `rights_group`
  ADD PRIMARY KEY (`id`);

--
-- Индексы таблицы `sessions`
--
ALTER TABLE `sessions`
  ADD PRIMARY KEY (`id`);

--
-- Индексы таблицы `transactions`
--
ALTER TABLE `transactions`
  ADD PRIMARY KEY (`id`);

--
-- Индексы таблицы `usergroups`
--
ALTER TABLE `usergroups`
  ADD PRIMARY KEY (`id`);

--
-- Индексы таблицы `users`
--
ALTER TABLE `users`
  ADD PRIMARY KEY (`user_id`);

--
-- Индексы таблицы `users_inventory`
--
ALTER TABLE `users_inventory`
  ADD PRIMARY KEY (`id`);

--
-- Индексы таблицы `user_balance`
--
ALTER TABLE `user_balance`
  ADD PRIMARY KEY (`id`);

--
-- Индексы таблицы `user_products`
--
ALTER TABLE `user_products`
  ADD PRIMARY KEY (`id`);

--
-- AUTO_INCREMENT для сохранённых таблиц
--

--
-- AUTO_INCREMENT для таблицы `admins`
--
ALTER TABLE `admins`
  MODIFY `id` int NOT NULL AUTO_INCREMENT, AUTO_INCREMENT=9;

--
-- AUTO_INCREMENT для таблицы `apps`
--
ALTER TABLE `apps`
  MODIFY `id` int NOT NULL AUTO_INCREMENT, AUTO_INCREMENT=2;

--
-- AUTO_INCREMENT для таблицы `billing_profiles`
--
ALTER TABLE `billing_profiles`
  MODIFY `id` int NOT NULL AUTO_INCREMENT, AUTO_INCREMENT=2;

--
-- AUTO_INCREMENT для таблицы `config`
--
ALTER TABLE `config`
  MODIFY `id` int NOT NULL AUTO_INCREMENT, AUTO_INCREMENT=4;

--
-- AUTO_INCREMENT для таблицы `currency`
--
ALTER TABLE `currency`
  MODIFY `id` int NOT NULL AUTO_INCREMENT, AUTO_INCREMENT=5;

--
-- AUTO_INCREMENT для таблицы `hosts`
--
ALTER TABLE `hosts`
  MODIFY `id` int NOT NULL AUTO_INCREMENT, AUTO_INCREMENT=5;

--
-- AUTO_INCREMENT для таблицы `inventory_objects`
--
ALTER TABLE `inventory_objects`
  MODIFY `id` int NOT NULL AUTO_INCREMENT;

--
-- AUTO_INCREMENT для таблицы `orders`
--
ALTER TABLE `orders`
  MODIFY `id` int NOT NULL AUTO_INCREMENT, AUTO_INCREMENT=4;

--
-- AUTO_INCREMENT для таблицы `products`
--
ALTER TABLE `products`
  MODIFY `id` int NOT NULL AUTO_INCREMENT, AUTO_INCREMENT=4;

--
-- AUTO_INCREMENT для таблицы `reservations`
--
ALTER TABLE `reservations`
  MODIFY `id` int NOT NULL AUTO_INCREMENT, AUTO_INCREMENT=5;

--
-- AUTO_INCREMENT для таблицы `rights_group`
--
ALTER TABLE `rights_group`
  MODIFY `id` int NOT NULL AUTO_INCREMENT;

--
-- AUTO_INCREMENT для таблицы `sessions`
--
ALTER TABLE `sessions`
  MODIFY `id` int NOT NULL AUTO_INCREMENT, AUTO_INCREMENT=289;

--
-- AUTO_INCREMENT для таблицы `transactions`
--
ALTER TABLE `transactions`
  MODIFY `id` int NOT NULL AUTO_INCREMENT, AUTO_INCREMENT=19;

--
-- AUTO_INCREMENT для таблицы `usergroups`
--
ALTER TABLE `usergroups`
  MODIFY `id` int NOT NULL AUTO_INCREMENT, AUTO_INCREMENT=2;

--
-- AUTO_INCREMENT для таблицы `users`
--
ALTER TABLE `users`
  MODIFY `user_id` int NOT NULL AUTO_INCREMENT, AUTO_INCREMENT=22;

--
-- AUTO_INCREMENT для таблицы `users_inventory`
--
ALTER TABLE `users_inventory`
  MODIFY `id` int NOT NULL AUTO_INCREMENT;

--
-- AUTO_INCREMENT для таблицы `user_balance`
--
ALTER TABLE `user_balance`
  MODIFY `id` int NOT NULL AUTO_INCREMENT, AUTO_INCREMENT=26;

--
-- AUTO_INCREMENT для таблицы `user_products`
--
ALTER TABLE `user_products`
  MODIFY `id` int NOT NULL AUTO_INCREMENT, AUTO_INCREMENT=24;
COMMIT;

/*!40101 SET CHARACTER_SET_CLIENT=@OLD_CHARACTER_SET_CLIENT */;
/*!40101 SET CHARACTER_SET_RESULTS=@OLD_CHARACTER_SET_RESULTS */;
/*!40101 SET COLLATION_CONNECTION=@OLD_COLLATION_CONNECTION */;
